feature,importance
Glucose,37.4288444519043
BMI,32.47772979736328
Age,30.686431884765625
Insulin,22.14222526550293
BloodPressure,17.26563262939453
Pregnancies,14.592130661010742
DiabetesPedigreeFunction,13.69070816040039
SkinThickness,12.97150993347168
