feature,importance
Glucose,7.015394687652588
Age,3.4792983531951904
BMI,3.277050733566284
Insulin,2.8511452674865723
Pregnancies,2.448577880859375
SkinThickness,2.422248363494873
BloodPressure,2.24257755279541
DiabetesPedigreeFunction,2.221179485321045
